id,source,target
Overcoming_Fear_and_Anger/Page_display_title,Overcoming Fear and Anger,Mengatasi Rasa Takut dan Amarah
Overcoming_Fear_and_Anger/1,Closing open doors in our lives,Menutup pintu yang terbuka dalam hidup kita
Overcoming_Fear_and_Anger/2,"All of us have probably experienced fear in our lives. Sometimes our fear is helpful, because there is a valid danger and the fear keeps us from running blindly into it. But other times, we may feel much more fear than is appropriate for the little danger or there actually isn’t any danger at all, but we are still filled with fear. Even if we know that the fear is irrational, or an overreaction, we often still can’t get rid of it.","Kita semua mungkin pernah mengalami ketakutan dalam hidup kita. Kadang-kadang rasa takut kita sangat membantu, karena adanya bahaya dan rasa takut membuat kita lebih waspada, tidak membabi buta. Tetapi di lain waktu, kita mungkin merasa lebih takut daripada yang sepantasnya untuk bahaya kecil atau sebenarnya tidak ada bahaya sama sekali, tetapi kita masih dipenuhi rasa takut. Bahkan saat kita tahu bahwa rasa takut itu tidak rasional, atau reaksi kita terlalu berlebihan, kita seringkali masih tidak bisa menyingkirkannya."
Overcoming_Fear_and_Anger/3,"Anger can similarly affect our lives. There may be situations that immediately cause us to be filled with anger. Sometimes our anger might be appropriate, but sometimes it may be an overreaction. What happened might not have actually been a big problem, but it triggered something inside of us. Then what comes out is a deeper anger that does not originate from the situation itself. As long as this anger exists inside of us, it will come out from time to time.","Kemarahan juga bisa mempengaruhi kehidupan kita. Mungkin ada situasi yang segera membuat kita dipenuhi dengan kemarahan. Kadang-kadang kemarahan kita mungkin tepat, tetapi kadang-kadang bisa menjadi reaksi yang berlebihan. Apa yang terjadi mungkin sebenarnya bukan masalah besar, tetapi itu memicu sesuatu di dalam diri kita. Lalu respon yang keluar adalah kemarahan yang lebih dalam yang tidak berasal dari situasi itu sendiri. Selama kemarahan ini ada di dalam diri kita, itu akan berlanjut dari waktu ke waktu."
Overcoming_Fear_and_Anger/4,"Some people experience these irrational feelings every day, others rarely ever. This is not just coincidence, but there are reasons for it.","Beberapa orang mengalami perasaan irasional ini setiap hari, yang lain jarang terjadi. Ini bukan hanya kebetulan, tetapi ada alasan untuk itu."
Overcoming_Fear_and_Anger/5,"A good way to explain why this is the case, is to use the metaphor of doors to our lives. We can think of us as having a door of fear. As long as it is open, it allows fear to enter into our lives. The door can be open just a little bit and only sometimes a bit of fear comes in. But it can also be wide open, leading a person to be dominated by fear in everything he thinks and does. Similarly, we have a door of anger in our lives. If these doors are closed, no unhealthy fear and anger can enter our lives.","Cara yang baik untuk menjelaskan mengapa ini terjadi, adalah menggunakan metafora pintu menuju kehidupan kita. Kita dapat menganggap bahwa setiap kita memiliki pintu ketakutan. Selama itu terbuka, itu memungkinkan rasa takut untuk masuk ke dalam hidup kita. Pintu bisa terbuka sedikit dan hanya kadang-kadang sedikit rasa takut masuk. Tapi itu juga bisa terbuka lebar, membuat seseorang didominasi oleh rasa takut dalam segala hal yang dia pikirkan dan lakukan. Demikian pula, kita memiliki pintu kemarahan dalam hidup kita. Jika pintu-pintu ini ditutup, tidak ada rasa takut dan amarah yang tidak sehat yang dapat memasuki kehidupan kita."
Overcoming_Fear_and_Anger/6,"These doors can be opened by others as well as by ourselves. Often, a door was first opened when we were young by someone else who had influence in our live, like our parents. Later, we may open the door even more by what we do.","Pintu-pintu ini dapat dibuka oleh orang lain maupun oleh diri kita sendiri. Seringkali, sebuah pintu pertama kali dibuka ketika kita masih muda oleh orang lain yang memiliki pengaruh dalam hidup kita, seperti orang tua kita. Kemudian, kita dapat membuka pintu lebih banyak dengan apa yang kita lakukan."
Overcoming_Fear_and_Anger/7,"The good news is that it is possible to close these doors again. God doesn’t want us to be controlled by evil influences of fear and anger, but wants us to be free!","Kabar baiknya adalah masih mungkin untuk menutup pintu-pintu ini lagi. Tuhan tidak ingin kita dikendalikan oleh pengaruh jahat dari rasa takut dan marah, tetapi Ia ingin kita bebas!"
Overcoming_Fear_and_Anger/8,The door of fear and the door of anger,Pintu ketakutan dan pintu kemarahan
Overcoming_Fear_and_Anger/9,Door of Fear,Pintu ketakutan
Overcoming_Fear_and_Anger/10,Door of Anger,Pintu Kemarahan
Overcoming_Fear_and_Anger/47,Possible symptoms when the door is open,Gejala yang mungkin terjadi saat pintu terbuka
Overcoming_Fear_and_Anger/11,* Controlling * Anxiety * Isolation * Indifference * Drugs / Alcohol,* Kontrol * Kecemasan * Menjauhkan diri * Ketidakpedulian * Narkoba / Alkohol
Overcoming_Fear_and_Anger/12,* Hatred * Self-hatred * Gossip * Jealousy * Bitterness * Slander,* Kebencian * Membenci diri sendiri * Gosip * Cemburu * Kepahitan * Fitnah
Overcoming_Fear_and_Anger/13,Wrong pattern,Pola yang salah
Overcoming_Fear_and_Anger/14,Trying to protect myself,Mencoba melindungi diri sendiri
Overcoming_Fear_and_Anger/15,Trying to justify myself,Mencoba membenarkan diri sendiri
Overcoming_Fear_and_Anger/16,The truth,Kebenaran
Overcoming_Fear_and_Anger/17,God wants to protect us,Tuhan ingin melindungi kita
Overcoming_Fear_and_Anger/18,God wants to justify us and take vengeance,Tuhan ingin membenarkan kita dan membalas dendam
Overcoming_Fear_and_Anger/19,How to close an open door,Bagaimana cara menutup pintu yang terbuka
Overcoming_Fear_and_Anger/20,"God never wanted us to be controlled by fear or anger. When He created our world, everything was perfect. There was no fear, no pain, no death and no injustice. Unfortunately, the first humans, as well as all of us, rebelled against God and chose evil rather than His good. The consequence of this is a broken world, where the devil has a lot of influence. He’s constantly trying to control people. He’s using these open doors to bring in unhealthy fear and anger to keep people captive by it.","Tuhan tidak pernah menginginkan kita dikendalikan oleh rasa takut atau amarah. Ketika Dia menciptakan dunia kita, segalanya sempurna. Tidak ada rasa takut, tidak ada rasa sakit, tidak ada kematian dan tidak ada ketidakadilan. Sayangnya, manusia pertama, serta kita semua, memberontak melawan Tuhan dan memilih kejahatan daripada kebaikan-Nya. Konsekuensi dari ini adalah dunia yang rusak, dimana iblis memiliki banyak pengaruh. Dia terus mencoba mengendalikan orang. Dia menggunakan pintu terbuka ini untuk mendatangkan ketakutan dan amarah yang tidak sehat untuk membuat orang tertawan olehnya."
Overcoming_Fear_and_Anger/21,"The doors are opened by sin, either ours or someone else’s. Sin gives influence to the devil in our lives. Besides, it leads us to start believing in lies. These lies are what keep a door stay open. Examples:","Pintu-pintu dibuka oleh dosa, baik milik kita atau milik orang lain. Dosa memberi pengaruh pada iblis dalam hidup kita. Selain itu, itu menuntun kita untuk mulai percaya pada kebohongan. Kebohongan ini adalah apa yang membuat pintu tetap terbuka. Contoh:"
Overcoming_Fear_and_Anger/22,Your father got angry at what you did and did not listen to you at all. You became angry at his unfair behaviour. You believe “I won’t be treated justly unless I fight for my rights.”,"Ayahmu marah pada apa yang kau lakukan dan tidak mendengarkanmu sama sekali. Anda menjadi marah karena tingkah lakunya yang tidak adil. Anda percaya ""Saya tidak akan diperlakukan dengan adil kecuali saya memperjuangkan hak saya."""
Overcoming_Fear_and_Anger/23,Your teacher humiliated you in front of the class. Now you’re afraid to say anything in class because you believe “I’m not a smart student.”,Gurumu mempermalukanmu di depan kelas. Sekarang Anda takut mengatakan apapun di kelas karena Anda percaya “Saya bukan siswa yang pintar.”
Overcoming_Fear_and_Anger/24,"God promised a solution for the problem of sin and brokenness in this world. Right after the first sin of mankind, He promised the coming of a saviour who would crush the head of the devil (Genesis 3:15). That saviour is Jesus, the Messiah. He was the only person on this earth who never sinned. Because of this the devil didn’t have any power over Him. Jesus was killed by people, but He came back to life again three days later. Through this, God confirmed the message that Jesus has won over the devil! Whoever trusts Jesus will become free from the control of the devil. As Jesus is the one who can set us free, His role is essential in closing open doors. He says in John 8:31-32: <i>“If you obey my teaching, you are really my disciples. Then you will know the truth. And the truth will set you free.”</i>","Tuhan menjanjikan solusi untuk masalah dosa dan kehancuran di dunia ini. Tepat setelah dosa manusia yang pertama, Dia menjanjikan datangnya seorang juru selamat yang akan meremukkan kepala iblis (Kejadian 3:15). Penyelamat itu adalah Yesus, Mesias. Dia adalah satu-satunya orang di dunia ini yang tidak pernah berdosa. Oleh sebab itu iblis tidak memiliki kuasa atas Dia. Yesus dibunuh oleh orang-orang, tetapi Ia hidup kembali tiga hari kemudian. Melalui ini, Tuhan menegaskan pesan bahwa Yesus telah menang atas iblis! Siapa pun yang mempercayai Yesus akan bebas dari kendali iblis. Karena Yesus adalah pribadi yang dapat membebaskan kita, peran-Nya sangat penting dalam penutupan pintu yang terbuka. Dia mengatakan dalam Yohanes 8: 31-32: <i>“Jikalau kamu tetap dalam firman-Ku, kamu benar-benar adalah murid-Ku dan kamu akan mengetahui kebenaran, dan kebenaran itu akan memerdekakan kamu.""</i>"
Overcoming_Fear_and_Anger/25,Three important verses about the two doors,Tiga ayat penting tentang dua pintu
Overcoming_Fear_and_Anger/26,"<i>“In your anger do not sin”: Do not let the sun go down while you are still angry, and do not give the devil a foothold.</i> (Ephesians 4:26-27)","<i>“Apabila kamu menjadi marah, janganlah kamu berbuat dosa”: janganlah matahari terbenam, sebelum padam amarahmu dan janganlah beri kesempatan kepada Iblis.</i> (Efesus 4:26-27)"
Overcoming_Fear_and_Anger/27,<i>God didn’t give us a spirit that makes us weak and fearful. He gave us a spirit that gives us power and love. It helps us control ourselves.</i> (2 Timothy 1:7),"<i>Sebab Allah memberikan kepada kita bukan roh ketakutan, melainkan roh yang membangkitkan kekuatan, kasih dan ketertiban.</i> (2 Timotius 1:7)"
Overcoming_Fear_and_Anger/28,"<i>Now the Lord is the Spirit, and where the Spirit of the Lord is, there is freedom.</i> (2 Corinthians 3:17)","<i>Sebab Tuhan adalah Roh; dan di mana ada Roh Allah, di situ ada kemerdekaan.</i> (2 Korintus 3:17)"
Overcoming_Fear_and_Anger/29,The process of closing doors,Proses penutupan pintu
Overcoming_Fear_and_Anger/30,"Often there are different things that keep these doors open in our lives. God wants to close them all and He knows best where to start. By asking Him directly, we give Him the chance to speak to us specifically. The process starts with asking Him questions and Him then revealing something, usually a specific situation where a door was opened in our lives. With the help of Jesus, we do all necessary steps to eradicate all negative influences that came from that situation.","Seringkali ada hal-hal berbeda yang membuat pintu-pintu ini terbuka dalam kehidupan kita. Tuhan ingin menutup semuanya dan Dia tahu tempat terbaik untuk memulai. Dengan bertanya kepada-Nya secara langsung, kita memberi Tuhan kesempatan untuk berbicara kepada kita secara khusus. Prosesnya dimulai dengan mengajukan pertanyaan kepada-Nya dan Dia kemudian mengungkapkan sesuatu, biasanya situasi khusus ketika pintu terbuka di dalam kehidupan kita. Dengan bantuan Yesus, kita melakukan semua langkah yang diperlukan untuk membasmi semua pengaruh negatif yang datang dari situasi itu."
Overcoming_Fear_and_Anger/31,God usually doesn’t reveal all things at once because that would often be overwhelming for us. Instead he wants to encourage us and walk together with us through this process step by step.,"Tuhan biasanya tidak mengungkapkan semuanya sekaligus karena itu akan sangat melelahkan bagi kita. Sebaliknya, Dia ingin mendorong kita dan berjalan bersama kita melalui proses ini langkah demi langkah."
Overcoming_Fear_and_Anger/32,Application guide,Panduan aplikasi
Overcoming_Fear_and_Anger/33,"Use the support of a good helper! If you feel pushed or feel somehow not good doing this please say it directly! If you’re ready to engage in a conversation with God, you can start:","Gunakan dukungan dari seorang pemerhati yang baik! Jika Anda merasa terdorong atau merasa tidak baik melakukan ini, katakanlah secara langsung! Jika Anda siap untuk terlibat dalam percakapan dengan Tuhan, Anda dapat memulai:"
Overcoming_Fear_and_Anger/34,"Spirit of God, to which door do you want to lead me? Jesus, please protect me while I’m going.","Roh Allah, ke pintu mana Engkau ingin membimbing saya? Yesus, tolong lindungi saya selagi saya pergi."
Overcoming_Fear_and_Anger/35,When was this door opened in my life for the first time? Who opened it?,Kapan pintu ini terbuka dalam hidupku untuk pertama kalinya? Siapa yang membukanya?
Overcoming_Fear_and_Anger/36,Let God show you what happened. If the door was opened by someone else: Forgive that person for what they did and for opening that door in your life. See “Forgiving Step by Step” for details.<br/>If you opened the door yourself: Ask God for forgiveness and repent.,Biarkan Tuhan menunjukkan kepada Anda apa yang terjadi. Jika pintu dibuka oleh orang lain: Maafkan orang itu atas apa yang mereka lakukan dan untuk membuka pintu itu dalam hidup Anda. Lihat Pengampunan Langkah demi Langkah untuk rincian. <br/>Jika Anda membuka pintu sendiri: Mintalah kepada Tuhan untuk pengampunan dan bertobat.
Overcoming_Fear_and_Anger/37,What lie am I believing that keeps the door open?,Dusta apa yang saya percaya yang menyebabkan pintu tetap terbuka?
Overcoming_Fear_and_Anger/38,"God, I’m sorry for partnering with that lie, please forgive me. I reject the lie that _____ .","Tuhan, saya minta maaf karena bermitra dengan kebohongan itu, tolong maafkan saya. Saya menolak kebohongan yang _____."
Overcoming_Fear_and_Anger/39,"Jesus, what is the truth instead?","Yesus, apa kebenaran yang sebenarnya?"
Overcoming_Fear_and_Anger/40,Speak out the truth and that you accept it.,Bicarakan kebenaran dan terimalah hal itu.
Overcoming_Fear_and_Anger/41,"Check again: Jesus, how does the door look now? Can you please close it?","Periksa lagi: Yesus, bagaimana sekrang kondisi pintunya? Bisakah Engkau menutupnya?"
Overcoming_Fear_and_Anger/42,"If it can’t be closed completely right now, ask Him to stand in the door so that it can’t be used.","Jika tidak dapat ditutup sepenuhnya sekarang, minta Dia untuk berdiri di pintu agar tidak dapat digunakan."
